Workbook
Name _Toc209950428: IncidentLog!#REF!
Name _Toc209950428: 'Integration Testing Results'!#REF!
Name _Toc209950428: 'Unit Test Results'!#REF!
Name _Toc209950437: IncidentLog!#REF!
Name _Toc209950437: 'Integration Testing Results'!#REF!
Name _Toc209950437: 'Unit Test Results'!#REF!
Name ListSeverity: Data!$B$2:$B$5

Sheet Unit Test Results
A1: TEST SCRIPT NAME: XBRL Project Database User Interface - Unit Testing Results
A2: Tester: | C2: Gino Gervasio / James Wu
A3: Test Case ID | B3: Date | C3: Test Case Title | D3: # Steps | E3: # Executed | F3: # Not Executed* | G3: Failed | H3: # Passed* | I3: Notes
A4: TC-001 | B4: 40266 | C4: XBRL Project Query | D4: 1 | E4: 1 | F4: =SUM(D4-E4) -> 0 | H4: =IF((SUM($E4-$G4))<0,0,(SUM($E4-$G4))) -> 1
A5: TC-002 | B5: 40266 | C5: XBRL Project-Fields Query | D5: 1 | E5: 1 | F5: =SUM(D5-E5) -> 0 | H5: =IF((SUM($E5-$G5))<0,0,(SUM($E5-$G5))) -> 1
A6: TC-003 | B6: 40266 | C6: XBRL Labels Query | D6: 1 | E6: 1 | F6: =SUM(D6-E6) -> 0 | H6: =IF((SUM($E6-$G6))<0,0,(SUM($E6-$G6))) -> 1
A7: TC-004 | B7: 40266 | C7: XBRL Presentation Query | D7: 1 | E7: 1 | F7: =SUM(D7-E7) -> 0 | H7: =IF((SUM($E7-$G7))<0,0,(SUM($E7-$G7))) -> 1
A8: TC-005 | B8: 40269 | C8: JSON Marshaller | D8: 1 | E8: 1 | F8: =SUM(D8-E8) -> 0 | H8: =IF((SUM($E8-$G8))<0,0,(SUM($E8-$G8))) -> 1
A9: TC-006 | B9: 40269 | C9: Excel Export | D9: 1 | E9: 1 | F9: =SUM(D9-E9) -> 0 | H9: =IF((SUM($E9-$G9))<0,0,(SUM($E9-$G9))) -> 1
A10: TC-006 - ReEx-002 | B10: 40289 | C10: Excel Export | D10: 1 | E10: 1 | F10: =SUM(D10-E10) -> 0 | H10: =IF((SUM($E10-$G10))<0,0,(SUM($E10-$G10))) -> 1 | I10: Change in Excel Design
A11: TC-007 | B11: 40266 | C11: Data Display | D11: 6 | E11: 6 | F11: =SUM(D11-E11) -> 0 | H11: =IF((SUM($E11-$G11))<0,0,(SUM($E11-$G11))) -> 6
A12: TC-008 | B12: 40267 | C12: User Feedback | D12: 6 | E12: 6 | F12: =SUM(D12-E12) -> 0 | H12: =IF((SUM($E12-$G12))<0,0,(SUM($E12-$G12))) -> 6
A13: TC-009 | B13: 40267 | C13: Empty/Non-Existent Files | D13: 3 | E13: 3 | F13: =SUM(D13-E13) -> 0 | H13: =IF((SUM($E13-$G13))<0,0,(SUM($E13-$G13))) -> 3
C14: Totals | D14: =SUM(D4:D13) -> 22 | E14: =SUM(E4:E13) -> 22 | F14: =SUM(F4:F13) -> 0 | G14: =SUM(G4:G13) -> 0 | H14: =SUM(H4:H13) -> 22
A16: * indicates a calculated field

Sheet Integration Testing Results
A1: TEST SCRIPT NAME: XBRL Project Database User Interface - Integration Testing Results
A2: Tester: | C2: Anand Patil
A3: Test Case ID | B3: Date | C3: Test Case Title | D3: # Steps | E3: # Executed | F3: # Not Executed* | G3: App # Failed | H3: # Passed* | I3: Notes
A4: TC-011 | B4: 40276 | C4: Data Display | D4: 6 | E4: 6 | F4: =SUM(D4-E4) -> 0 | H4: =IF((SUM($E4-$G4))<0,0,(SUM($E4-$G4))) -> 6 | I4: *Defect: Display does not show 'Processing' when loading data
A5: TC-011 ReEx-002 | B5: 40287 | C5: Data Display | D5: 6 | E5: 6 | F5: =SUM(D5-E5) -> 0 | H5: =IF((SUM($E5-$G5))<0,0,(SUM($E5-$G5))) -> 6 | I5: Defect Fixed
A6: TC-012 | B6: 40276 | C6: Excel Export | D6: 12 | E6: 12 | F6: =SUM(D6-E6) -> 0 | H6: =IF((SUM($E6-$G6))<0,0,(SUM($E6-$G6))) -> 12 | I6: *Defect: Change in Excel Design
A7: TC-012 ReEx-002 | B7: 40289 | C7: Excel Export | D7: 12 | E7: 12 | F7: =SUM(D7-E7) -> 0 | H7: =IF((SUM($E7-$G7))<0,0,(SUM($E7-$G7))) -> 12 | I7: Defect Fixed
C8: Totals | D8: =SUM(D4:D7) -> 36 | E8: =SUM(E4:E7) -> 36 | F8: =SUM(F4:F7) -> 0 | G8: =SUM(G4:G7) -> 0 | H8: =SUM(H4:H7) -> 36
A10: * indicates a calculated field

Sheet IncidentLog
A1: TEST SCRIPT NAME: XBRL Project Database User Interface - Incident Log
A3: Incident ID | B3: Date Created | C3: Description | D3: Severity | E3: Resolution | F3: Date Fixed | G3: Date Validated
A4: Incident-01 | B4: 40276 | C4: Processing' Status does not display when page is loading project information | D4: Moderate | E4: Development Team to re-implement display status | F4: 40287 | G4: 40287
A5: Incident-02 | B5: 40277 | C5: Change in Excel Layout; Multiple values should be listed in rows and not in columns | D5: Moderate | E5: Development Team to change layout of Export to Excel functionality. | F5: 40291 | G5: 40291

Sheet Percentages
C1: Test Steps | I1: Incidents Logged | N1: Incidents Retested | S1: Incidents Open
A2: Test Phases | C2: Total | D2: Executed | F2: N/S | G2: Fail | H2: Pass | I2: 1- Crit | J2: 2-Ser | K2: 3-Mod | L2: 4-Mi | M2: Total | N2: 1- Crit | O2: 2-Ser | P2: 3-Mod | Q2: 4-Mi | R2: Total | S2: 1- Crit | T2: 2-Ser | U2: 3-Mod | V2: 4-Mi | W2: Total
A3: 1 | B3: Unit Testing | C3: ='Unit Test Results'!$D$14 -> 22 | D3: ='Unit Test Results'!$E$14 -> 22 | E3: =IF(C3=0,0,$D3/$C3) -> 1 | F3: =$C3-$D3 -> 0 | G3: =('Unit Test Results'!$G$14) -> 0 | H3: =D3-G3 -> 22 | I3: 0 | J3: 0 | K3: 0 | M3: =SUM($I3:$L3) -> 0 | N3: 0 | O3: 0 | P3: 0 | R3: =SUM($N3:$Q3) -> 0 | S3: =IF(I3="","",I3-N3) -> 0 | T3: =IF(J3="","",J3-O3) -> 0 | U3: =IF(K3="","",K3-P3) -> 0 | V3: =IF(L3="","",L3-Q3) | W3: =SUM($S3:$V3) -> 0
A4: 2 | B4: Integration Testing | C4: ='Integration Testing Results'!$D$8 -> 36 | D4: ='Integration Testing Results'!$E$8 -> 36 | E4: =IF(C4=0,0,$D4/$C4) -> 1 | F4: =$C4-$D4 -> 0 | G4: =('Integration Testing Results'!$G$8) -> 0 | H4: =D4-G4 -> 36 | I4: 0 | J4: 0 | K4: 2 | M4: =SUM($I4:$L4) -> 2 | N4: 0 | O4: 0 | P4: 2 | R4: =SUM($N4:$Q4) -> 2 | S4: =IF(I4="","",I4-N4) -> 0 | T4: =IF(J4="","",J4-O4) -> 0 | U4: =IF(K4="","",K4-P4) -> 0 | V4: =IF(L4="","",L4-Q4) | W4: =SUM($S4:$V4) -> 0
C5: =SUM(C$3:C$4) -> 58 | D5: =SUM(D$3:D$4) -> 58 | E5: =IF(C5=0,0,$D5/$C5) -> 1 | F5: =SUM(F$3:F$4) -> 0 | G5: =SUM(G$3:G$4) -> 0 | H5: =SUM(H$3:H$4) -> 58 | I5: =SUM(I$3:I$4) -> 0 | J5: =SUM(J$3:J$4) -> 0 | K5: =SUM(K$3:K$4) -> 2 | L5: =SUM(L$3:L$4) -> 0 | M5: =SUM(M$3:M$4) -> 2 | ... W5: =SUM(W$3:W$4) -> 0
F6: =IF(C5=0,0,F5/$C5) -> 0 | G6: =IF(D5=0,0,G5/$D5) -> 0 | H6: =IF(E5=0,0,H5/$D5) -> 1 | I6: =IF($M$5=0,0,$I$5/M5) -> 0 | J6: =IF($M$5=0,0,$J$5/$M$5) -> 0 | K6: =IF($M$5=0,0,$K$5/$M$5) -> 1 | L6: =IF($M$5=0,0,$L$5/$M$5) -> 0 | N6: =IF($R$5=0,0,$N$5/$R$5) -> 0 | O6: =IF($R$5=0,0,$O$5/$R$5) -> 0 | P6: =IF($R$5=0,0,$P$5/$R$5) -> 1 | Q6: =IF($R$5=0,0,$Q$5/$R$5) -> 0 | S6: =IF($S$5=0,0,$S$5/$W$5) -> 0 | T6: =IF($T$5=0,0,$T$5/$W$5) -> 0 | U6: =IF($U$5=0,0,$U$5/$W$5) -> 0 | V6: =IF($V$5=0,0,$V$5/$W$5) -> 0

Sheet Data
B2: Critical
B3: Serious
B4: Moderate
B5: Minor
